<?xml version="1.0" encoding="utf-8"?>
<ProgramItemsData xmlns:xsi="http://www.w3.org/2001/XMLSchema-instance" xmlns:xsd="http://www.w3.org/2001/XMLSchema">
  <ProgramItems>
    <ProgramItem>
      <ProgramName>MQTT_Client</ProgramName>
      <RoutingName>MQTT_Client</RoutingName>
      <SubRoutings />
    </ProgramItem>
    <ProgramItem>
      <ProgramName>Program1</ProgramName>
      <RoutingName>Motor_control</RoutingName>
      <SubRoutings />
    </ProgramItem>
    <ProgramItem>
      <ProgramName>Program3</ProgramName>
      <RoutingName>HeartBeat</RoutingName>
      <SubRoutings />
    </ProgramItem>
  </ProgramItems>
</ProgramItemsData>